https://gzalo.com/rulemanes/,https://gzalo.com/articles/bearings/
https://gzalo.com/lcdgrafico/,https://gzalo.com/articles/graphical-lcd/
https://gzalo.com/pld/,https://gzalo.com/articles/pld/
https://gzalo.com/casas/,https://gzalo.com/articles/electronic-stores/
https://gzalo.com/rfht12/,https://gzalo.com/articles/rfht12/
https://gzalo.com/intropic/,https://gzalo.com/articles/pic-introduction/
https://gzalo.com/puenteh/,https://gzalo.com/articles/hbridge/
https://gzalo.com/adc/,https://gzalo.com/articles/adc/
https://gzalo.com/ledmatrix_en/,https://gzalo.com/en/articles/ledmatrix/
https://gzalo.com/expansion_en/,https://gzalo.com/en/articles/port-expansion/
https://gzalo.com/alphanumericlcd_en/,https://gzalo.com/en/articles/alphanumeric-lcd/
https://gzalo.com/graphicallcd_en/,https://gzalo.com/en/articles/graphical-lcd/
https://gzalo.com/pld_en/,https://gzalo.com/en/articles/pld/
https://gzalo.com/keyboard4x4_en/,https://gzalo.com/en/articles/keyboard-matrix/
https://gzalo.com/rfht12_en/,https://gzalo.com/en/articles/rfht12/
https://gzalo.com/intropic_en/,https://gzalo.com/en/articles/pic-introduction/
https://gzalo.com/hbridge_en/,https://gzalo.com/en/articles/hbridge/
https://gzalo.com/adc_en/,https://gzalo.com/en/articles/adc/
https://gzalo.com/miniconsola/,https://gzalo.com/projects/game-console/
https://gzalo.com/sdl_en/,https://gzalo.com/en/articles/sdl/
https://gzalo.com/ram8052/,https://gzalo.com/articles/8052-ram/
https://gzalo.com/555/,https://gzalo.com/calculators/555/
https://gzalo.com/algoritmos_kuhn/,https://gzalo.com/articles/algorithm-exercises/
https://gzalo.com/filtrorc/,https://gzalo.com/calculators/rc-filter/
https://gzalo.com/codigo_capacitores/,https://gzalo.com/calculators/capacitor-code/
https://gzalo.com/teclado4x4/,https://gzalo.com/articles/keyboard-matrix/
https://gzalo.com/lcdalfanumerico/,https://gzalo.com/articles/alphanumeric-lcd/
https://gzalo.com/expandir/,https://gzalo.com/articles/port-expansion/
https://gzalo.com/ledmatrix/,https://gzalo.com/articles/ledmatrix/
https://gzalo.com/gsm/,https://gzalo.com/articles/gsm/
https://gzalo.com/software/,https://gzalo.com/articles/software/
https://gzalo.com/gps/,https://gzalo.com/articles/gps/
https://gzalo.com/rs232ttl/,https://gzalo.com/articles/rs232ttl/
https://gzalo.com/i2c/,https://gzalo.com/articles/i2c/
https://gzalo.com/sdl/,https://gzalo.com/articles/sdl/
https://gzalo.com/compiladores_gnu/,https://gzalo.com/articles/gnu-compilers/
https://gzalo.com/motor_tiles/,https://gzalo.com/projects/tile-engine/
https://gzalo.com/shaders/,https://gzalo.com/articles/shaders/
https://gzalo.com/worms/,https://gzalo.com/projects/worms-clone/
https://gzalo.com/ircam/,https://gzalo.com/articles/ir-camera/
https://gzalo.com/sensores_inclinacion/,https://gzalo.com/articles/inclination-sensor/
https://gzalo.com/cs_electronicaort/,https://gzalo.com/projects/cs_electronicaort/
https://gzalo.com/consola_tv/,https://gzalo.com/projects/tv-game-console/
https://gzalo.com/cerradura/,https://gzalo.com/projects/digital-lock/
https://gzalo.com/electronica_tcg/,https://gzalo.com/projects/electronics-tcg/
https://gzalo.com/tpg_intro/,https://gzalo.com/projects/led-matrix-inclination/
https://gzalo.com/tp_labodemicros/,https://gzalo.com/projects/domotic-control/
https://gzalo.com/electroestimulador/,https://gzalo.com/projects/muscle-stimulator/
https://gzalo.com/divisor_resistivo/,https://gzalo.com/calculators/voltage-divider/
https://gzalo.com/timer/,https://gzalo.com/calculators/timer/
https://gzalo.com/regulador/,https://gzalo.com/calculators/regulator/
https://gzalo.com/resistencias_led/,https://gzalo.com/calculators/led-resistor/
https://gzalo.com/codigo_resistencias/,https://gzalo.com/calculators/resistor-code/
https://gzalo.com/worms_en/,https://gzalo.com/en/projects/worms-clone/
https://gzalo.com/rs232ttl_en/,https://gzalo.com/en/articles/rs232ttl/
https://gzalo.com/cs_electronicaort_en/,https://gzalo.com/en/projects/cs_electronicaort/
https://gzalo.com/electrostimulator_en/,https://gzalo.com/en/projects/muscle-stimulator/
https://gzalo.com/console_tv_en/,https://gzalo.com/en/projects/tv-game-console/
https://gzalo.com/resistive_divider_en/,https://gzalo.com/en/calculators/voltage-divider/
https://gzalo.com/timer_en/,https://gzalo.com/en/calculators/timer/
https://gzalo.com/555_en/,https://gzalo.com/en/calculators/555/
https://gzalo.com/capacitor_code_en/,https://gzalo.com/en/calculators/capacitor-code/
https://gzalo.com/resistor_code_en/,https://gzalo.com/en/calculators/resistor-code/
https://gzalo.com/led_resistor_en/,https://gzalo.com/en/calculators/led-resistor/
https://gzalo.com/rcfilter_en/,https://gzalo.com/en/calculators/rc-filter/
https://gzalo.com/regulator_en/,https://gzalo.com/en/calculators/regulator/
https://gzalo.com/tpg_intro_en/,https://gzalo.com/en/projects/led-matrix-inclination/
https://gzalo.com/miniconsole_en/,https://gzalo.com/en/projects/game-console/
https://gzalo.com/lock_en/,https://gzalo.com/en/projects/digital-lock/
https://gzalo.com/tp_labodemicros_en/,https://gzalo.com/en/projects/domotic-control/
https://gzalo.com/electronica_tcg_en/,https://gzalo.com/en/projects/electronics-tcg/
https://gzalo.com/inclination_sensor_en/,https://gzalo.com/en/articles/inclination-sensor/
https://gzalo.com/ircam_en/,https://gzalo.com/en/articles/ir-camera/
https://gzalo.com/gnu_compilers_en/,https://gzalo.com/en/articles/gnu-compilers/
https://gzalo.com/tile_engine_en/,https://gzalo.com/en/projects/tile-engine/
https://gzalo.com/shaders_en/,https://gzalo.com/en/articles/shaders/
https://gzalo.com/gps_en/,https://gzalo.com/en/articles/gps/
https://gzalo.com/gsm_en/,https://gzalo.com/en/articles/gsm/
https://gzalo.com/ram8052_en/,https://gzalo.com/en/articles/8052-ram/
https://gzalo.com/software_en/,https://gzalo.com/en/articles/software/
https://gzalo.com/i2c_en/,https://gzalo.com/en/articles/i2c/
https://gzalo.com/halfmapper_en/,https://gzalo.com/projects/halfmapper/
https://gzalo.com/motor_fisico/,https://gzalo.com/projects/physics-engine/
https://gzalo.com/physics_engine_en/,https://gzalo.com/en/projects/physics-engine/
